ts,unix_ts,connection,source_ip,metric,endpoint,latency_ms,ok,error,mbps,time
2026-05-10T02:55:21.499421+00:00,1778381721.499435,Verizon,,tcp_ping,google_meet,21.606750000046304,True,,,2026-05-10 02:55:21.499421+00:00
2026-05-10T02:55:22.024509+00:00,1778381722.02452,Verizon,,tcp_ping,google_static,46.326915999998164,True,,,2026-05-10 02:55:22.024509+00:00
2026-05-10T02:55:22.553558+00:00,1778381722.553594,Verizon,,tcp_ping,cloudflare,74.35341700011122,True,,,2026-05-10 02:55:22.553558+00:00
2026-05-10T02:55:23.073253+00:00,1778381723.073268,Verizon,,tcp_ping,google_dns,93.03058400018926,True,,,2026-05-10 02:55:23.073253+00:00
2026-05-10T02:55:23.974565+00:00,1778381723.9745731,Verizon,,tcp_ping,google_meet,23.241124999913154,True,,,2026-05-10 02:55:23.974565+00:00
2026-05-10T02:55:24.475589+00:00,1778381724.475606,Verizon,,tcp_ping,google_static,23.067583999818453,True,,,2026-05-10 02:55:24.475589+00:00
2026-05-10T02:55:24.477762+00:00,1778381724.477772,Verizon,,download,cloudflare_speed,,True,,67.48792796503236,2026-05-10 02:55:24.477762+00:00
2026-05-10T02:55:24.983408+00:00,1778381724.983417,Verizon,,tcp_ping,cloudflare,30.775416999858862,True,,,2026-05-10 02:55:24.983408+00:00
2026-05-10T02:55:24.951946+00:00,1778381724.951953,Verizon,,upload,cloudflare_speed,,True,,26.777732250175212,2026-05-10 02:55:24.951946+00:00
2026-05-10T02:55:25.471841+00:00,1778381725.471848,Verizon,,tcp_ping,google_dns,18.980291999923793,True,,,2026-05-10 02:55:25.471841+00:00
2026-05-10T02:55:26.273622+00:00,1778381726.27363,Verizon,,tcp_ping,google_meet,21.184167000228626,True,,,2026-05-10 02:55:26.273622+00:00
2026-05-10T02:55:26.775499+00:00,1778381726.7755132,Verizon,,tcp_ping,google_static,22.447666000061872,True,,,2026-05-10 02:55:26.775499+00:00
2026-05-10T02:55:27.282326+00:00,1778381727.2823339,Verizon,,tcp_ping,cloudflare,28.17487499987692,True,,,2026-05-10 02:55:27.282326+00:00
2026-05-10T02:55:27.806129+00:00,1778381727.80614,Verizon,,tcp_ping,google_dns,50.4369170002974,True,,,2026-05-10 02:55:27.806129+00:00
2026-05-10T02:55:28.638857+00:00,1778381728.6388638,Verizon,,tcp_ping,google_meet,19.343083999956434,True,,,2026-05-10 02:55:28.638857+00:00
2026-05-10T02:55:29.147273+00:00,1778381729.147285,Verizon,,tcp_ping,google_static,26.629625000168744,True,,,2026-05-10 02:55:29.147273+00:00
2026-05-10T02:55:29.651661+00:00,1778381729.651676,Verizon,,tcp_ping,cloudflare,29.621500000303058,True,,,2026-05-10 02:55:29.651661+00:00
2026-05-10T02:55:30.162391+00:00,1778381730.1624162,Verizon,,tcp_ping,google_dns,38.60525000027337,True,,,2026-05-10 02:55:30.162391+00:00
2026-05-10T02:55:31.026193+00:00,1778381731.026201,Verizon,,tcp_ping,google_meet,20.877791999737383,True,,,2026-05-10 02:55:31.026193+00:00
2026-05-10T02:55:31.528383+00:00,1778381731.528399,Verizon,,tcp_ping,google_static,21.895082999890292,True,,,2026-05-10 02:55:31.528383+00:00
2026-05-10T02:55:32.033106+00:00,1778381732.0331159,Verizon,,tcp_ping,cloudflare,25.470832999872073,True,,,2026-05-10 02:55:32.033106+00:00
2026-05-10T02:55:32.528818+00:00,1778381732.528834,Verizon,,tcp_ping,google_dns,19.797625000137486,True,,,2026-05-10 02:55:32.528818+00:00
2026-05-10T02:55:33.336622+00:00,1778381733.33663,Verizon,,tcp_ping,google_meet,20.32379199999923,True,,,2026-05-10 02:55:33.336622+00:00
2026-05-10T02:55:33.850071+00:00,1778381733.850087,Verizon,,tcp_ping,google_static,32.51166700010799,True,,,2026-05-10 02:55:33.850071+00:00
2026-05-10T02:55:34.344823+00:00,1778381734.344832,Verizon,,tcp_ping,cloudflare,26.91920899997058,True,,,2026-05-10 02:55:34.344823+00:00
2026-05-10T02:55:34.842306+00:00,1778381734.842315,Verizon,,tcp_ping,google_dns,23.23104200013404,True,,,2026-05-10 02:55:34.842306+00:00
2026-05-10T02:55:35.701435+00:00,1778381735.7014441,Verizon,,tcp_ping,google_meet,24.545499999931053,True,,,2026-05-10 02:55:35.701435+00:00
2026-05-10T02:55:36.200903+00:00,1778381736.2009249,Verizon,,tcp_ping,google_static,22.716334000051575,True,,,2026-05-10 02:55:36.200903+00:00
2026-05-10T02:55:36.714250+00:00,1778381736.714265,Verizon,,tcp_ping,cloudflare,34.988166999937675,True,,,2026-05-10 02:55:36.714250+00:00
2026-05-10T02:55:37.229133+00:00,1778381737.229155,Verizon,,tcp_ping,google_dns,48.47333299994716,True,,,2026-05-10 02:55:37.229133+00:00
2026-05-10T02:55:38.022667+00:00,1778381738.022677,Verizon,,tcp_ping,google_meet,24.763667000115674,True,,,2026-05-10 02:55:38.022667+00:00
2026-05-10T02:55:38.520380+00:00,1778381738.5204108,Verizon,,tcp_ping,google_static,21.238166999864916,True,,,2026-05-10 02:55:38.520380+00:00
2026-05-10T02:55:39.026943+00:00,1778381739.026954,Verizon,,tcp_ping,cloudflare,26.71345899989319,True,,,2026-05-10 02:55:39.026943+00:00
2026-05-10T02:55:39.520305+00:00,1778381739.5203211,Verizon,,tcp_ping,google_dns,19.550459000129194,True,,,2026-05-10 02:55:39.520305+00:00
2026-05-10T02:55:40.376456+00:00,1778381740.376466,Verizon,,tcp_ping,google_meet,48.17108299994288,True,,,2026-05-10 02:55:40.376456+00:00
2026-05-10T02:55:40.910783+00:00,1778381740.9108028,Verizon,,tcp_ping,google_static,81.28799999985858,True,,,2026-05-10 02:55:40.910783+00:00
2026-05-10T02:55:41.431781+00:00,1778381741.431796,Verizon,,tcp_ping,cloudflare,100.61254099991856,True,,,2026-05-10 02:55:41.431781+00:00
2026-05-10T02:55:41.933412+00:00,1778381741.9334311,Verizon,,tcp_ping,google_dns,100.95454199972664,True,,,2026-05-10 02:55:41.933412+00:00
2026-05-10T02:55:42.679065+00:00,1778381742.679073,Verizon,,tcp_ping,google_meet,21.69245899995076,True,,,2026-05-10 02:55:42.679065+00:00
2026-05-10T02:55:43.178704+00:00,1778381743.178723,Verizon,,tcp_ping,google_static,20.024375000048167,True,,,2026-05-10 02:55:43.178704+00:00
2026-05-10T02:55:43.695478+00:00,1778381743.6954932,Verizon,,tcp_ping,cloudflare,35.76645800012557,True,,,2026-05-10 02:55:43.695478+00:00
2026-05-10T02:55:44.184417+00:00,1778381744.184432,Verizon,,tcp_ping,google_dns,23.46137499989709,True,,,2026-05-10 02:55:44.184417+00:00
2026-05-10T02:55:45.095013+00:00,1778381745.0950232,Verizon,,tcp_ping,google_meet,96.60725000003367,True,,,2026-05-10 02:55:45.095013+00:00
2026-05-10T02:55:45.605743+00:00,1778381745.6057699,Verizon,,tcp_ping,google_static,105.64974999988408,True,,,2026-05-10 02:55:45.605743+00:00
2026-05-10T02:55:46.036670+00:00,1778381746.0366888,Verizon,,tcp_ping,cloudflare,35.94508300011512,True,,,2026-05-10 02:55:46.036670+00:00
2026-05-10T02:55:46.525993+00:00,1778381746.526021,Verizon,,tcp_ping,google_dns,23.900958000012906,True,,,2026-05-10 02:55:46.525993+00:00
2026-05-10T02:55:47.406051+00:00,1778381747.406058,Verizon,,tcp_ping,google_meet,23.478791999878013,True,,,2026-05-10 02:55:47.406051+00:00
2026-05-10T02:55:47.908686+00:00,1778381747.908712,Verizon,,tcp_ping,google_static,24.813874999836116,True,,,2026-05-10 02:55:47.908686+00:00
2026-05-10T02:55:48.417093+00:00,1778381748.417105,Verizon,,tcp_ping,cloudflare,32.05041600040204,True,,,2026-05-10 02:55:48.417093+00:00
2026-05-10T02:55:48.905948+00:00,1778381748.905965,Verizon,,tcp_ping,google_dns,19.779291999839188,True,,,2026-05-10 02:55:48.905948+00:00
2026-05-10T02:55:49.814415+00:00,1778381749.814424,Verizon,,tcp_ping,google_meet,78.585166999801,True,,,2026-05-10 02:55:49.814415+00:00
2026-05-10T02:55:50.335750+00:00,1778381750.3357692,Verizon,,tcp_ping,google_static,98.64558300023418,True,,,2026-05-10 02:55:50.335750+00:00
2026-05-10T02:55:50.843193+00:00,1778381750.8432078,Verizon,,tcp_ping,cloudflare,104.95716600007654,True,,,2026-05-10 02:55:50.843193+00:00
2026-05-10T02:55:51.259791+00:00,1778381751.25981,Verizon,,tcp_ping,google_dns,20.201750000069296,True,,,2026-05-10 02:55:51.259791+00:00
2026-05-10T02:55:52.115553+00:00,1778381752.11556,Verizon,,tcp_ping,google_meet,22.544625000136875,True,,,2026-05-10 02:55:52.115553+00:00
2026-05-10T02:55:52.617249+00:00,1778381752.617266,Verizon,,tcp_ping,google_static,23.047500000302534,True,,,2026-05-10 02:55:52.617249+00:00
2026-05-10T02:55:53.121067+00:00,1778381753.121077,Verizon,,tcp_ping,cloudflare,26.269542000136425,True,,,2026-05-10 02:55:53.121067+00:00
2026-05-10T02:55:53.622647+00:00,1778381753.622709,Verizon,,tcp_ping,google_dns,25.529833999826224,True,,,2026-05-10 02:55:53.622647+00:00
2026-05-10T02:55:54.528227+00:00,1778381754.528235,Verizon,,tcp_ping,google_meet,54.22670799998741,True,,,2026-05-10 02:55:54.528227+00:00
2026-05-10T02:55:55.054273+00:00,1778381755.054304,Verizon,,tcp_ping,google_static,78.96529199979341,True,,,2026-05-10 02:55:55.054273+00:00
2026-05-10T02:55:55.584222+00:00,1778381755.58423,Verizon,,tcp_ping,cloudflare,108.43979099990975,True,,,2026-05-10 02:55:55.584222+00:00
2026-05-10T02:55:55.994653+00:00,1778381755.9946618,Verizon,,tcp_ping,google_dns,18.691166000280646,True,,,2026-05-10 02:55:55.994653+00:00
2026-05-10T02:55:56.876844+00:00,1778381756.876853,Verizon,,tcp_ping,google_meet,29.24733300005755,True,,,2026-05-10 02:55:56.876844+00:00
2026-05-10T02:55:57.371425+00:00,1778381757.37147,Verizon,,tcp_ping,google_static,22.01908300003197,True,,,2026-05-10 02:55:57.371425+00:00
2026-05-10T02:55:57.876549+00:00,1778381757.876558,Verizon,,tcp_ping,cloudflare,26.61854100006167,True,,,2026-05-10 02:55:57.876549+00:00
2026-05-10T02:55:58.368410+00:00,1778381758.368426,Verizon,,tcp_ping,google_dns,17.384042000230693,True,,,2026-05-10 02:55:58.368410+00:00
2026-05-10T02:55:59.258263+00:00,1778381759.2582688,Verizon,,tcp_ping,google_meet,22.314291999919078,True,,,2026-05-10 02:55:59.258263+00:00
2026-05-10T02:55:59.773606+00:00,1778381759.773622,Verizon,,tcp_ping,google_static,35.97920800029897,True,,,2026-05-10 02:55:59.773606+00:00
2026-05-10T02:56:00.303232+00:00,1778381760.3032398,Verizon,,tcp_ping,cloudflare,65.00437499971667,True,,,2026-05-10 02:56:00.303232+00:00
2026-05-10T02:56:00.824487+00:00,1778381760.824506,Verizon,,tcp_ping,google_dns,84.89179199978025,True,,,2026-05-10 02:56:00.824487+00:00
2026-05-10T02:56:01.696503+00:00,1778381761.696511,Verizon,,tcp_ping,google_meet,21.773332999600825,True,,,2026-05-10 02:56:01.696503+00:00
2026-05-10T02:56:02.201713+00:00,1778381762.201728,Verizon,,tcp_ping,google_static,25.873500000216154,True,,,2026-05-10 02:56:02.201713+00:00
2026-05-10T02:56:02.710294+00:00,1778381762.710308,Verizon,,tcp_ping,cloudflare,33.32337500023641,True,,,2026-05-10 02:56:02.710294+00:00
2026-05-10T02:56:03.197633+00:00,1778381763.197651,Verizon,,tcp_ping,google_dns,19.754207999994833,True,,,2026-05-10 02:56:03.197633+00:00
2026-05-10T02:56:04.096185+00:00,1778381764.096193,Verizon,,tcp_ping,google_meet,22.434291999616107,True,,,2026-05-10 02:56:04.096185+00:00
2026-05-10T02:56:04.597361+00:00,1778381764.5974011,Verizon,,tcp_ping,google_static,22.7361249999376,True,,,2026-05-10 02:56:04.597361+00:00
2026-05-10T02:56:05.106224+00:00,1778381765.10624,Verizon,,tcp_ping,cloudflare,30.782666000050085,True,,,2026-05-10 02:56:05.106224+00:00
2026-05-10T02:56:05.595350+00:00,1778381765.595362,Verizon,,tcp_ping,google_dns,18.73966700031815,True,,,2026-05-10 02:56:05.595350+00:00
2026-05-10T02:56:06.575506+00:00,1778381766.575516,Verizon,,tcp_ping,google_meet,106.39437500003623,True,,,2026-05-10 02:56:06.575506+00:00
2026-05-10T02:56:06.999629+00:00,1778381766.9996438,Verizon,,tcp_ping,google_static,29.422917000374582,True,,,2026-05-10 02:56:06.999629+00:00
2026-05-10T02:56:07.504946+00:00,1778381767.504957,Verizon,,tcp_ping,cloudflare,33.005374999902415,True,,,2026-05-10 02:56:07.504946+00:00
2026-05-10T02:56:07.993580+00:00,1778381767.993598,Verizon,,tcp_ping,google_dns,21.216999999978725,True,,,2026-05-10 02:56:07.993580+00:00
2026-05-10T02:56:08.844675+00:00,1778381768.844682,Verizon,,tcp_ping,google_meet,18.215999999938504,True,,,2026-05-10 02:56:08.844675+00:00
2026-05-10T02:56:09.350093+00:00,1778381769.350101,Verizon,,tcp_ping,google_static,22.55074999993667,True,,,2026-05-10 02:56:09.350093+00:00
2026-05-10T02:56:09.854701+00:00,1778381769.854712,Verizon,,tcp_ping,cloudflare,25.98016699994332,True,,,2026-05-10 02:56:09.854701+00:00
2026-05-10T02:56:10.353457+00:00,1778381770.353473,Verizon,,tcp_ping,google_dns,23.201957999845035,True,,,2026-05-10 02:56:10.353457+00:00
2026-05-10T02:56:10.400090+00:00,1778381770.400118,Verizon,,download,cloudflare_speed,,True,,35.5389953708998,2026-05-10 02:56:10.400090+00:00
2026-05-10T02:56:11.303852+00:00,1778381771.3038561,Verizon,,tcp_ping,google_meet,110.56379199999355,True,,,2026-05-10 02:56:11.303852+00:00
2026-05-10T02:56:11.300564+00:00,1778381771.3005729,Verizon,,upload,cloudflare_speed,,True,,32.21022540447463,2026-05-10 02:56:11.300564+00:00
2026-05-10T02:56:11.721311+00:00,1778381771.721319,Verizon,,tcp_ping,google_static,26.861541000016587,True,,,2026-05-10 02:56:11.721311+00:00
2026-05-10T02:56:12.223729+00:00,1778381772.223745,Verizon,,tcp_ping,cloudflare,28.06491699993785,True,,,2026-05-10 02:56:12.223729+00:00
2026-05-10T02:56:12.713914+00:00,1778381772.7139251,Verizon,,tcp_ping,google_dns,17.131915999925695,True,,,2026-05-10 02:56:12.713914+00:00
2026-05-10T02:56:13.575887+00:00,1778381773.575895,Verizon,,tcp_ping,google_meet,24.17341699992903,True,,,2026-05-10 02:56:13.575887+00:00
2026-05-10T02:56:14.102284+00:00,1778381774.102299,Verizon,,tcp_ping,google_static,49.43979100016804,True,,,2026-05-10 02:56:14.102284+00:00
2026-05-10T02:56:14.584499+00:00,1778381774.584508,Verizon,,tcp_ping,cloudflare,30.236541999784095,True,,,2026-05-10 02:56:14.584499+00:00
2026-05-10T02:56:15.076297+00:00,1778381775.0763059,Verizon,,tcp_ping,google_dns,21.26766699984728,True,,,2026-05-10 02:56:15.076297+00:00
2026-05-10T02:56:15.914077+00:00,1778381775.9140868,Verizon,,tcp_ping,google_meet,23.410832999616105,True,,,2026-05-10 02:56:15.914077+00:00
2026-05-10T02:56:16.410479+00:00,1778381776.410489,Verizon,,tcp_ping,google_static,18.591084000036062,True,,,2026-05-10 02:56:16.410479+00:00
2026-05-10T02:56:16.925839+00:00,1778381776.925854,Verizon,,tcp_ping,cloudflare,32.57499999972424,True,,,2026-05-10 02:56:16.925839+00:00
2026-05-10T02:56:17.415138+00:00,1778381777.415159,Verizon,,tcp_ping,google_dns,20.810624999739957,True,,,2026-05-10 02:56:17.415138+00:00
2026-05-10T02:56:18.341373+00:00,1778381778.341385,Verizon,,tcp_ping,google_meet,20.558541000355035,True,,,2026-05-10 02:56:18.341373+00:00
2026-05-10T02:56:18.844401+00:00,1778381778.8444118,Verizon,,tcp_ping,google_static,22.536250000030122,True,,,2026-05-10 02:56:18.844401+00:00
2026-05-10T02:56:19.348528+00:00,1778381779.3485382,Verizon,,tcp_ping,cloudflare,25.58895800029859,True,,,2026-05-10 02:56:19.348528+00:00
2026-05-10T02:56:19.842768+00:00,1778381779.842777,Verizon,,tcp_ping,google_dns,18.71400000027279,True,,,2026-05-10 02:56:19.842768+00:00
2026-05-10T02:56:20.744180+00:00,1778381780.7441878,Verizon,,tcp_ping,google_meet,70.09741599995323,True,,,2026-05-10 02:56:20.744180+00:00
2026-05-10T02:56:21.265695+00:00,1778381781.2657049,Verizon,,tcp_ping,google_static,91.048457999932,True,,,2026-05-10 02:56:21.265695+00:00
2026-05-10T02:56:21.780574+00:00,1778381781.780585,Verizon,,tcp_ping,cloudflare,105.40370799981247,True,,,2026-05-10 02:56:21.780574+00:00
2026-05-10T02:56:22.195280+00:00,1778381782.1952882,Verizon,,tcp_ping,google_dns,19.841207999888866,True,,,2026-05-10 02:56:22.195280+00:00
2026-05-10T02:56:23.040912+00:00,1778381783.040918,Verizon,,tcp_ping,google_meet,23.462874999950145,True,,,2026-05-10 02:56:23.040912+00:00
2026-05-10T02:56:23.540750+00:00,1778381783.540761,Verizon,,tcp_ping,google_static,22.18170900005134,True,,,2026-05-10 02:56:23.540750+00:00
2026-05-10T02:56:24.048665+00:00,1778381784.048674,Verizon,,tcp_ping,cloudflare,29.043584000191913,True,,,2026-05-10 02:56:24.048665+00:00
2026-05-10T02:56:24.545273+00:00,1778381784.545289,Verizon,,tcp_ping,google_dns,24.38716699998622,True,,,2026-05-10 02:56:24.545273+00:00
2026-05-10T02:56:25.464706+00:00,1778381785.464716,Verizon,,tcp_ping,google_meet,86.01129199996649,True,,,2026-05-10 02:56:25.464706+00:00
2026-05-10T02:56:25.985991+00:00,1778381785.9860039,Verizon,,tcp_ping,google_static,105.98195800002941,True,,,2026-05-10 02:56:25.985991+00:00
2026-05-10T02:56:26.498544+00:00,1778381786.498564,Verizon,,tcp_ping,cloudflare,117.35408399999869,True,,,2026-05-10 02:56:26.498544+00:00
2026-05-10T02:56:26.903566+00:00,1778381786.9036028,Verizon,,tcp_ping,google_dns,21.27012500022829,True,,,2026-05-10 02:56:26.903566+00:00
2026-05-10T02:56:27.772137+00:00,1778381787.772157,Verizon,,tcp_ping,google_meet,19.686166000155936,True,,,2026-05-10 02:56:27.772137+00:00
2026-05-10T02:56:28.275727+00:00,1778381788.275746,Verizon,,tcp_ping,google_static,22.270250000019587,True,,,2026-05-10 02:56:28.275727+00:00
2026-05-10T02:56:28.780861+00:00,1778381788.78087,Verizon,,tcp_ping,cloudflare,26.908666000053927,True,,,2026-05-10 02:56:28.780861+00:00
2026-05-10T02:56:29.275664+00:00,1778381789.275681,Verizon,,tcp_ping,google_dns,21.42062500024622,True,,,2026-05-10 02:56:29.275664+00:00
2026-05-10T02:56:30.180192+00:00,1778381790.180202,Verizon,,tcp_ping,google_meet,57.76920800008156,True,,,2026-05-10 02:56:30.180192+00:00
2026-05-10T02:56:30.705860+00:00,1778381790.705879,Verizon,,tcp_ping,google_static,82.260000000133,True,,,2026-05-10 02:56:30.705860+00:00
2026-05-10T02:56:31.239344+00:00,1778381791.239363,Verizon,,tcp_ping,cloudflare,114.59941699968113,True,,,2026-05-10 02:56:31.239344+00:00
2026-05-10T02:56:31.645201+00:00,1778381791.6452212,Verizon,,tcp_ping,google_dns,19.377166000140278,True,,,2026-05-10 02:56:31.645201+00:00
2026-05-10T02:56:32.500685+00:00,1778381792.500695,Verizon,,tcp_ping,google_meet,22.315666999929817,True,,,2026-05-10 02:56:32.500685+00:00
2026-05-10T02:56:33.001147+00:00,1778381793.001156,Verizon,,tcp_ping,google_static,21.694208000099025,True,,,2026-05-10 02:56:33.001147+00:00
2026-05-10T02:56:33.507982+00:00,1778381793.5079901,Verizon,,tcp_ping,cloudflare,27.33475000013641,True,,,2026-05-10 02:56:33.507982+00:00
2026-05-10T02:56:34.002113+00:00,1778381794.002152,Verizon,,tcp_ping,google_dns,20.218124999701104,True,,,2026-05-10 02:56:34.002113+00:00
2026-05-10T02:56:34.899051+00:00,1778381794.899059,Verizon,,tcp_ping,google_meet,43.8977500002693,True,,,2026-05-10 02:56:34.899051+00:00
2026-05-10T02:56:35.425142+00:00,1778381795.42517,Verizon,,tcp_ping,google_static,69.51383300020098,True,,,2026-05-10 02:56:35.425142+00:00
2026-05-10T02:56:35.959245+00:00,1778381795.95926,Verizon,,tcp_ping,cloudflare,102.68591699968965,True,,,2026-05-10 02:56:35.959245+00:00
2026-05-10T02:56:36.459739+00:00,1778381796.4597561,Verizon,,tcp_ping,google_dns,101.99083299994527,True,,,2026-05-10 02:56:36.459739+00:00
2026-05-10T02:56:37.349062+00:00,1778381797.349069,Verizon,,tcp_ping,google_meet,21.54558399979578,True,,,2026-05-10 02:56:37.349062+00:00
2026-05-10T02:56:37.860517+00:00,1778381797.860547,Verizon,,tcp_ping,google_static,31.512584000211064,True,,,2026-05-10 02:56:37.860517+00:00
2026-05-10T02:56:38.359217+00:00,1778381798.35923,Verizon,,tcp_ping,cloudflare,28.77729100009674,True,,,2026-05-10 02:56:38.359217+00:00
2026-05-10T02:56:38.858574+00:00,1778381798.858599,Verizon,,tcp_ping,google_dns,26.154624999890075,True,,,2026-05-10 02:56:38.858574+00:00
2026-05-10T02:56:39.735493+00:00,1778381799.7355,Verizon,,tcp_ping,google_meet,20.641124999656313,True,,,2026-05-10 02:56:39.735493+00:00
2026-05-10T02:56:40.239551+00:00,1778381800.2395709,Verizon,,tcp_ping,google_static,23.44429200002196,True,,,2026-05-10 02:56:40.239551+00:00
2026-05-10T02:56:40.745154+00:00,1778381800.7451699,Verizon,,tcp_ping,cloudflare,27.81416600009834,True,,,2026-05-10 02:56:40.745154+00:00
2026-05-10T02:56:41.239422+00:00,1778381801.239437,Verizon,,tcp_ping,google_dns,20.470374999604246,True,,,2026-05-10 02:56:41.239422+00:00
2026-05-10T02:56:42.107733+00:00,1778381802.1077409,Verizon,,tcp_ping,google_meet,22.15170899989971,True,,,2026-05-10 02:56:42.107733+00:00
2026-05-10T02:56:42.610244+00:00,1778381802.61033,Verizon,,tcp_ping,google_static,23.20449999979246,True,,,2026-05-10 02:56:42.610244+00:00
2026-05-10T02:56:43.121311+00:00,1778381803.12132,Verizon,,tcp_ping,cloudflare,33.720834000178,True,,,2026-05-10 02:56:43.121311+00:00
2026-05-10T02:56:43.614283+00:00,1778381803.614302,Verizon,,tcp_ping,google_dns,25.32312500034095,True,,,2026-05-10 02:56:43.614283+00:00
2026-05-10T02:56:44.490127+00:00,1778381804.490133,Verizon,,tcp_ping,google_meet,24.298708000060287,True,,,2026-05-10 02:56:44.490127+00:00
2026-05-10T02:56:44.989438+00:00,1778381804.9894469,Verizon,,tcp_ping,google_static,22.526083999764523,True,,,2026-05-10 02:56:44.989438+00:00
2026-05-10T02:56:45.495477+00:00,1778381805.495487,Verizon,,tcp_ping,cloudflare,27.38333400020565,True,,,2026-05-10 02:56:45.495477+00:00
2026-05-10T02:56:45.989639+00:00,1778381805.989653,Verizon,,tcp_ping,google_dns,20.42020799990496,True,,,2026-05-10 02:56:45.989639+00:00
2026-05-10T02:56:46.958018+00:00,1778381806.958028,Verizon,,tcp_ping,google_meet,91.45066600012797,True,,,2026-05-10 02:56:46.958018+00:00
2026-05-10T02:56:47.470130+00:00,1778381807.470156,Verizon,,tcp_ping,google_static,102.24912500007122,True,,,2026-05-10 02:56:47.470130+00:00
2026-05-10T02:56:47.898104+00:00,1778381807.8981178,Verizon,,tcp_ping,cloudflare,29.20487499977753,True,,,2026-05-10 02:56:47.898104+00:00
2026-05-10T02:56:48.392733+00:00,1778381808.392756,Verizon,,tcp_ping,google_dns,22.74070900011793,True,,,2026-05-10 02:56:48.392733+00:00
2026-05-10T02:56:49.284956+00:00,1778381809.2849631,Verizon,,tcp_ping,google_meet,22.68145900006857,True,,,2026-05-10 02:56:49.284956+00:00
2026-05-10T02:56:49.785563+00:00,1778381809.7855859,Verizon,,tcp_ping,google_static,21.748249999745894,True,,,2026-05-10 02:56:49.785563+00:00
2026-05-10T02:56:50.290884+00:00,1778381810.290894,Verizon,,tcp_ping,cloudflare,26.081916999828536,True,,,2026-05-10 02:56:50.290884+00:00
2026-05-10T02:56:50.789020+00:00,1778381810.789048,Verizon,,tcp_ping,google_dns,22.57937500007756,True,,,2026-05-10 02:56:50.789020+00:00
2026-05-10T02:56:51.689816+00:00,1778381811.6898298,Verizon,,tcp_ping,google_meet,22.04974999995102,True,,,2026-05-10 02:56:51.689816+00:00
2026-05-10T02:56:52.200397+00:00,1778381812.200416,Verizon,,tcp_ping,google_static,31.418999999914377,True,,,2026-05-10 02:56:52.200397+00:00
2026-05-10T02:56:52.734192+00:00,1778381812.734217,Verizon,,tcp_ping,cloudflare,63.98175000003903,True,,,2026-05-10 02:56:52.734192+00:00
2026-05-10T02:56:53.250408+00:00,1778381813.250422,Verizon,,tcp_ping,google_dns,78.91641700007312,True,,,2026-05-10 02:56:53.250408+00:00
2026-05-10T02:56:54.093530+00:00,1778381814.0935402,Verizon,,tcp_ping,google_meet,22.446666000178084,True,,,2026-05-10 02:56:54.093530+00:00
2026-05-10T02:56:54.594175+00:00,1778381814.5941918,Verizon,,tcp_ping,google_static,22.346665999975812,True,,,2026-05-10 02:56:54.594175+00:00
2026-05-10T02:56:55.101609+00:00,1778381815.101619,Verizon,,tcp_ping,cloudflare,29.420542000025307,True,,,2026-05-10 02:56:55.101609+00:00
2026-05-10T02:56:55.595259+00:00,1778381815.5952692,Verizon,,tcp_ping,google_dns,21.951790999992227,True,,,2026-05-10 02:56:55.595259+00:00
2026-05-10T02:56:56.459953+00:00,1778381816.45996,Verizon,,tcp_ping,google_meet,28.749375000188593,True,,,2026-05-10 02:56:56.459953+00:00
2026-05-10T02:56:56.951273+00:00,1778381816.9512892,Verizon,,tcp_ping,google_static,19.80754199985313,True,,,2026-05-10 02:56:56.951273+00:00
2026-05-10T02:56:56.673328+00:00,1778381816.6733398,Verizon,,download,cloudflare_speed,,True,,64.35941515390856,2026-05-10 02:56:56.673328+00:00
2026-05-10T02:56:57.465025+00:00,1778381817.46504,Verizon,,tcp_ping,cloudflare,33.33212500001537,True,,,2026-05-10 02:56:57.465025+00:00
2026-05-10T02:56:57.170563+00:00,1778381817.170572,Verizon,,upload,cloudflare_speed,,True,,23.2726971677409,2026-05-10 02:56:57.170563+00:00
2026-05-10T02:56:57.965911+00:00,1778381817.96593,Verizon,,tcp_ping,google_dns,33.03179199974693,True,,,2026-05-10 02:56:57.965911+00:00
2026-05-10T02:56:58.833708+00:00,1778381818.833715,Verizon,,tcp_ping,google_meet,34.9638750003578,True,,,2026-05-10 02:56:58.833708+00:00
2026-05-10T02:56:59.322999+00:00,1778381819.323015,Verizon,,tcp_ping,google_static,22.96583300039856,True,,,2026-05-10 02:56:59.322999+00:00
2026-05-10T02:56:59.828615+00:00,1778381819.828623,Verizon,,tcp_ping,cloudflare,28.19825000005949,True,,,2026-05-10 02:56:59.828615+00:00
2026-05-10T02:57:00.319276+00:00,1778381820.319284,Verizon,,tcp_ping,google_dns,17.825333000018873,True,,,2026-05-10 02:57:00.319276+00:00
2026-05-10T02:57:01.290897+00:00,1778381821.290903,Verizon,,tcp_ping,google_meet,34.19845799999166,True,,,2026-05-10 02:57:01.290897+00:00
2026-05-10T02:57:01.784325+00:00,1778381821.784342,Verizon,,tcp_ping,google_static,26.403208000374434,True,,,2026-05-10 02:57:01.784325+00:00
2026-05-10T02:57:02.289892+00:00,1778381822.2899048,Verizon,,tcp_ping,cloudflare,30.7263330000751,True,,,2026-05-10 02:57:02.289892+00:00
2026-05-10T02:57:02.782400+00:00,1778381822.7824142,Verizon,,tcp_ping,google_dns,22.199499999715044,True,,,2026-05-10 02:57:02.782400+00:00
2026-05-10T02:57:03.721148+00:00,1778381823.721177,Verizon,,tcp_ping,google_meet,100.33516700013934,True,,,2026-05-10 02:57:03.721148+00:00
2026-05-10T02:57:04.148554+00:00,1778381824.148577,Verizon,,tcp_ping,google_static,26.62854200025322,True,,,2026-05-10 02:57:04.148554+00:00
2026-05-10T02:57:04.650293+00:00,1778381824.650302,Verizon,,tcp_ping,cloudflare,27.38366700032202,True,,,2026-05-10 02:57:04.650293+00:00
2026-05-10T02:57:05.140773+00:00,1778381825.140788,Verizon,,tcp_ping,google_dns,16.735249999783264,True,,,2026-05-10 02:57:05.140773+00:00
2026-05-10T02:57:06.005418+00:00,1778381826.005428,Verizon,,tcp_ping,google_meet,23.688083000251936,True,,,2026-05-10 02:57:06.005418+00:00
2026-05-10T02:57:06.523866+00:00,1778381826.523888,Verizon,,tcp_ping,google_static,40.87466700002551,True,,,2026-05-10 02:57:06.523866+00:00
2026-05-10T02:57:07.013391+00:00,1778381827.0134,Verizon,,tcp_ping,cloudflare,30.15479099985896,True,,,2026-05-10 02:57:07.013391+00:00
2026-05-10T02:57:07.503730+00:00,1778381827.503755,Verizon,,tcp_ping,google_dns,19.16987499998868,True,,,2026-05-10 02:57:07.503730+00:00
2026-05-10T02:57:08.436615+00:00,1778381828.4366238,Verizon,,tcp_ping,google_meet,93.30212499980917,True,,,2026-05-10 02:57:08.436615+00:00
2026-05-10T02:57:08.869501+00:00,1778381828.869519,Verizon,,tcp_ping,google_static,25.091792000239366,True,,,2026-05-10 02:57:08.869501+00:00
2026-05-10T02:57:09.378387+00:00,1778381829.378415,Verizon,,tcp_ping,cloudflare,33.028083000317565,True,,,2026-05-10 02:57:09.378387+00:00
2026-05-10T02:57:09.872917+00:00,1778381829.872936,Verizon,,tcp_ping,google_dns,26.33212499995352,True,,,2026-05-10 02:57:09.872917+00:00
2026-05-10T02:57:10.740843+00:00,1778381830.740851,Verizon,,tcp_ping,google_meet,20.51754100011749,True,,,2026-05-10 02:57:10.740843+00:00
2026-05-10T02:57:11.245842+00:00,1778381831.245877,Verizon,,tcp_ping,google_static,23.718041999927664,True,,,2026-05-10 02:57:11.245842+00:00
2026-05-10T02:57:11.754780+00:00,1778381831.754792,Verizon,,tcp_ping,cloudflare,31.908000000385073,True,,,2026-05-10 02:57:11.754780+00:00
2026-05-10T02:57:12.247387+00:00,1778381832.247415,Verizon,,tcp_ping,google_dns,23.08833400002186,True,,,2026-05-10 02:57:12.247387+00:00
2026-05-10T02:57:13.171015+00:00,1778381833.1710238,Verizon,,tcp_ping,google_meet,82.00062499963678,True,,,2026-05-10 02:57:13.171015+00:00
2026-05-10T02:57:13.694484+00:00,1778381833.694506,Verizon,,tcp_ping,google_static,104.25750000013068,True,,,2026-05-10 02:57:13.694484+00:00
2026-05-10T02:57:14.208225+00:00,1778381834.208243,Verizon,,tcp_ping,cloudflare,116.86704099975032,True,,,2026-05-10 02:57:14.208225+00:00
2026-05-10T02:57:14.621992+00:00,1778381834.622009,Verizon,,tcp_ping,google_dns,29.935749999822292,True,,,2026-05-10 02:57:14.621992+00:00
2026-05-10T02:57:15.484935+00:00,1778381835.4849439,Verizon,,tcp_ping,google_meet,21.69812500005719,True,,,2026-05-10 02:57:15.484935+00:00
2026-05-10T02:57:15.988930+00:00,1778381835.9889548,Verizon,,tcp_ping,google_static,24.29058300003817,True,,,2026-05-10 02:57:15.988930+00:00
2026-05-10T02:57:16.494509+00:00,1778381836.4945211,Verizon,,tcp_ping,cloudflare,28.74429199982842,True,,,2026-05-10 02:57:16.494509+00:00
2026-05-10T02:57:16.988449+00:00,1778381836.988468,Verizon,,tcp_ping,google_dns,21.141833000001498,True,,,2026-05-10 02:57:16.988449+00:00
2026-05-10T02:57:17.892801+00:00,1778381837.8928099,Verizon,,tcp_ping,google_meet,57.62487499987401,True,,,2026-05-10 02:57:17.892801+00:00
2026-05-10T02:57:18.415249+00:00,1778381838.4152582,Verizon,,tcp_ping,google_static,78.97154199963552,True,,,2026-05-10 02:57:18.415249+00:00
2026-05-10T02:57:18.945102+00:00,1778381838.945128,Verizon,,tcp_ping,cloudflare,107.5023329999567,True,,,2026-05-10 02:57:18.945102+00:00
2026-05-10T02:57:19.358160+00:00,1778381839.3581738,Verizon,,tcp_ping,google_dns,19.233208000059676,True,,,2026-05-10 02:57:19.358160+00:00
2026-05-10T02:57:20.240233+00:00,1778381840.24024,Verizon,,tcp_ping,google_meet,23.456583000097453,True,,,2026-05-10 02:57:20.240233+00:00
2026-05-10T02:57:20.774358+00:00,1778381840.7743711,Verizon,,tcp_ping,google_static,56.342249999943306,True,,,2026-05-10 02:57:20.774358+00:00
2026-05-10T02:57:21.246523+00:00,1778381841.2465339,Verizon,,tcp_ping,cloudflare,27.364291999674606,True,,,2026-05-10 02:57:21.246523+00:00
2026-05-10T02:57:21.747373+00:00,1778381841.7473989,Verizon,,tcp_ping,google_dns,26.597541999763052,True,,,2026-05-10 02:57:21.747373+00:00
2026-05-10T02:57:22.617294+00:00,1778381842.6173031,Verizon,,tcp_ping,google_meet,21.595166999759385,True,,,2026-05-10 02:57:22.617294+00:00
2026-05-10T02:57:23.130129+00:00,1778381843.130154,Verizon,,tcp_ping,google_static,33.09470900012457,True,,,2026-05-10 02:57:23.130129+00:00
2026-05-10T02:57:23.666505+00:00,1778381843.66652,Verizon,,tcp_ping,cloudflare,68.48325000009936,True,,,2026-05-10 02:57:23.666505+00:00
2026-05-10T02:57:24.175413+00:00,1778381844.175436,Verizon,,tcp_ping,google_dns,76.04341700016448,True,,,2026-05-10 02:57:24.175413+00:00
2026-05-10T02:57:25.010115+00:00,1778381845.010124,Verizon,,tcp_ping,google_meet,26.08820800014655,True,,,2026-05-10 02:57:25.010115+00:00
2026-05-10T02:57:25.507243+00:00,1778381845.507253,Verizon,,tcp_ping,google_static,22.285334000116563,True,,,2026-05-10 02:57:25.507243+00:00
2026-05-10T02:57:26.016066+00:00,1778381846.01608,Verizon,,tcp_ping,cloudflare,29.889375000038854,True,,,2026-05-10 02:57:26.016066+00:00
2026-05-10T02:57:26.506919+00:00,1778381846.506927,Verizon,,tcp_ping,google_dns,19.703083999957016,True,,,2026-05-10 02:57:26.506919+00:00
2026-05-10T02:57:27.373526+00:00,1778381847.373534,Verizon,,tcp_ping,google_meet,21.708209000280476,True,,,2026-05-10 02:57:27.373526+00:00
2026-05-10T02:57:27.875750+00:00,1778381847.875765,Verizon,,tcp_ping,google_static,22.813749999841093,True,,,2026-05-10 02:57:27.875750+00:00
